Experiment ID,Run ID,SAMPLE_ID,Replicate,Polymerase,Buffer,Divalent Cation,pH,Template,Template Strand,Supplement,[dXTP] Condition,FWD_BARCODE,REV_BARCODE,Real Cycles,Theoretical Cycles,Gel Completion,Tm,TA,tE,Template Molar Concentration (pM),Template copy number,[Primer] (uM),Sequencing,Concentration ng/uL,Sequencing Volume (uL),Sequencing Mass (ng),Mass/Seq,Volume Product Cleaned,Volume Eluted,F_Sequence,90mer_Sequence,R_Sequence,Full_Sequence
241113_B24_Dil_S1,241115_B24_B25_Dil,B24.1a,Triplicate - primers & template added individually,Taq,NEB Thermopol (10x),Magnesium 2 mM,8.8,BS_90mer_GBC,Annealed,None,Equimolar 0.2 mM,NB01,NB17,40,8.965784285,TRUE,92C,58C,10s,400,6022000000,0.2,Flongle,27,2,54,18,15 uL,40 uL,CGATTCCACAAAGACACCGACAACTTTCTT,GGTCTGGTGCCACTGGTCTGCTACGAGTGATGGTATTGGACTAGGBCTCTTACTGTTGTAACGCACCCGATCACGATAGGCAACCACACC,ATCAGAGGTACTTTCCTGGAGGGTTTCGAC,CGATTCCACAAAGACACCGACAACTTTCTTGGTCTGGTGCCACTGGTCTGCTACGAGTGATGGTATTGGACTAGGBCTCTTACTGTTGTAACGCACCCGATCACGATAGGCAACCACACCATCAGAGGTACTTTCCTGGAGGGTTTCGAC
241113_B24_Dil_S1,241115_B24_B25_Dil,B24.1b,Triplicate - primers & template added individually,Taq,NEB Thermopol (10x),Magnesium 2 mM,8.8,BS_90mer_GBC,Annealed,None,Equimolar 0.2 mM,NB01,NB18,40,8.965784285,TRUE,92C,58C,10s,400,6022000000,0.2,Flongle,,,,,15 uL,,CGATTCCACAAAGACACCGACAACTTTCTT,GGTCTGGTGCCACTGGTCTGCTACGAGTGATGGTATTGGACTAGGBCTCTTACTGTTGTAACGCACCCGATCACGATAGGCAACCACACC,GCCTATCTAGGTTGTTGGGTTTGGTTCGAC,CGATTCCACAAAGACACCGACAACTTTCTTGGTCTGGTGCCACTGGTCTGCTACGAGTGATGGTATTGGACTAGGBCTCTTACTGTTGTAACGCACCCGATCACGATAGGCAACCACACCGCCTATCTAGGTTGTTGGGTTTGGTTCGAC
241113_B24_Dil_S1,241115_B24_B25_Dil,B24.1c,Triplicate - primers & template added individually,Taq,NEB Thermopol (10x),Magnesium 2 mM,8.8,BS_90mer_GBC,Annealed,None,Equimolar 0.2 mM,NB01,NB19,40,8.965784285,TRUE,92C,58C,10s,400,6022000000,0.2,Flongle,,,,,15 uL,,CGATTCCACAAAGACACCGACAACTTTCTT,GGTCTGGTGCCACTGGTCTGCTACGAGTGATGGTATTGGACTAGGBCTCTTACTGTTGTAACGCACCCGATCACGATAGGCAACCACACC,ATCTCTTGACACTGCACGAGGAACTTCGAC,CGATTCCACAAAGACACCGACAACTTTCTTGGTCTGGTGCCACTGGTCTGCTACGAGTGATGGTATTGGACTAGGBCTCTTACTGTTGTAACGCACCCGATCACGATAGGCAACCACACCATCTCTTGACACTGCACGAGGAACTTCGAC
241113_B24_Dil_S1,241115_B24_B25_Dil,B24.2a,Triplicate - primers & template added individually,Taq,NEB Thermopol (10x),Magnesium 2 mM,8.8,BS_90mer_GBC,Annealed,None,Equimolar 0.2 mM,NB02,NB17,40,12.28771238,TRUE,92C,58C,10s,40,602200000,0.2,Flongle,27,2,54,18,15 uL,40 uL,CGATTCACAGACGACTACAAACGGAATCGA,GGTCTGGTGCCACTGGTCTGCTACGAGTGATGGTATTGGACTAGGBCTCTTACTGTTGTAACGCACCCGATCACGATAGGCAACCACACC,ATCAGAGGTACTTTCCTGGAGGGTTTCGAC,CGATTCACAGACGACTACAAACGGAATCGAGGTCTGGTGCCACTGGTCTGCTACGAGTGATGGTATTGGACTAGGBCTCTTACTGTTGTAACGCACCCGATCACGATAGGCAACCACACCATCAGAGGTACTTTCCTGGAGGGTTTCGAC
241113_B24_Dil_S1,241115_B24_B25_Dil,B24.2b,Triplicate - primers & template added individually,Taq,NEB Thermopol (10x),Magnesium 2 mM,8.8,BS_90mer_GBC,Annealed,None,Equimolar 0.2 mM,NB02,NB18,40,12.28771238,TRUE,92C,58C,10s,40,602200000,0.2,Flongle,,,,,15 uL,,CGATTCACAGACGACTACAAACGGAATCGA,GGTCTGGTGCCACTGGTCTGCTACGAGTGATGGTATTGGACTAGGBCTCTTACTGTTGTAACGCACCCGATCACGATAGGCAACCACACC,GCCTATCTAGGTTGTTGGGTTTGGTTCGAC,CGATTCACAGACGACTACAAACGGAATCGAGGTCTGGTGCCACTGGTCTGCTACGAGTGATGGTATTGGACTAGGBCTCTTACTGTTGTAACGCACCCGATCACGATAGGCAACCACACCGCCTATCTAGGTTGTTGGGTTTGGTTCGAC
241113_B24_Dil_S1,241115_B24_B25_Dil,B24.2c,Triplicate - primers & template added individually,Taq,NEB Thermopol (10x),Magnesium 2 mM,8.8,BS_90mer_GBC,Annealed,None,Equimolar 0.2 mM,NB02,NB19,40,12.28771238,TRUE,92C,58C,10s,40,602200000,0.2,Flongle,,,,,15 uL,,CGATTCACAGACGACTACAAACGGAATCGA,GGTCTGGTGCCACTGGTCTGCTACGAGTGATGGTATTGGACTAGGBCTCTTACTGTTGTAACGCACCCGATCACGATAGGCAACCACACC,ATCTCTTGACACTGCACGAGGAACTTCGAC,CGATTCACAGACGACTACAAACGGAATCGAGGTCTGGTGCCACTGGTCTGCTACGAGTGATGGTATTGGACTAGGBCTCTTACTGTTGTAACGCACCCGATCACGATAGGCAACCACACCATCTCTTGACACTGCACGAGGAACTTCGAC
241113_B24_Dil_S1,241115_B24_B25_Dil,B24.3a,Triplicate - primers & template added individually,Taq,NEB Thermopol (10x),Magnesium 2 mM,8.8,BS_90mer_GBC,Annealed,None,Equimolar 0.2 mM,NB04,NB17,40,15.60964047,TRUE,92C,58C,10s,4,60220000,0.2,Flongle,24,2,48,16,15 uL,40 uL,CGATTCTAGGGAAACACGATAGAATCCGAA,GGTCTGGTGCCACTGGTCTGCTACGAGTGATGGTATTGGACTAGGBCTCTTACTGTTGTAACGCACCCGATCACGATAGGCAACCACACC,ATCAGAGGTACTTTCCTGGAGGGTTTCGAC,CGATTCTAGGGAAACACGATAGAATCCGAAGGTCTGGTGCCACTGGTCTGCTACGAGTGATGGTATTGGACTAGGBCTCTTACTGTTGTAACGCACCCGATCACGATAGGCAACCACACCATCAGAGGTACTTTCCTGGAGGGTTTCGAC
241113_B24_Dil_S1,241115_B24_B25_Dil,B24.3b,Triplicate - primers & template added individually,Taq,NEB Thermopol (10x),Magnesium 2 mM,8.8,BS_90mer_GBC,Annealed,None,Equimolar 0.2 mM,NB04,NB18,40,15.60964047,TRUE,92C,58C,10s,4,60220000,0.2,Flongle,,,,,15 uL,,CGATTCTAGGGAAACACGATAGAATCCGAA,GGTCTGGTGCCACTGGTCTGCTACGAGTGATGGTATTGGACTAGGBCTCTTACTGTTGTAACGCACCCGATCACGATAGGCAACCACACC,GCCTATCTAGGTTGTTGGGTTTGGTTCGAC,CGATTCTAGGGAAACACGATAGAATCCGAAGGTCTGGTGCCACTGGTCTGCTACGAGTGATGGTATTGGACTAGGBCTCTTACTGTTGTAACGCACCCGATCACGATAGGCAACCACACCGCCTATCTAGGTTGTTGGGTTTGGTTCGAC
241113_B24_Dil_S1,241115_B24_B25_Dil,B24.3c,Triplicate - primers & template added individually,Taq,NEB Thermopol (10x),Magnesium 2 mM,8.8,BS_90mer_GBC,Annealed,None,Equimolar 0.2 mM,NB04,NB19,40,15.60964047,TRUE,92C,58C,10s,4,60220000,0.2,Flongle,,,,,15 uL,,CGATTCTAGGGAAACACGATAGAATCCGAA,GGTCTGGTGCCACTGGTCTGCTACGAGTGATGGTATTGGACTAGGBCTCTTACTGTTGTAACGCACCCGATCACGATAGGCAACCACACC,ATCTCTTGACACTGCACGAGGAACTTCGAC,CGATTCTAGGGAAACACGATAGAATCCGAAGGTCTGGTGCCACTGGTCTGCTACGAGTGATGGTATTGGACTAGGBCTCTTACTGTTGTAACGCACCCGATCACGATAGGCAACCACACCATCTCTTGACACTGCACGAGGAACTTCGAC
241113_B24_Dil_S1,241115_B24_B25_Dil,B24.4a,Triplicate - primers & template added individually,Taq,NEB Thermopol (10x),Magnesium 2 mM,8.8,BS_90mer_GBC,Annealed,None,Equimolar 0.2 mM,NB05,NB17,40,18.93156857,TRUE,92C,58C,10s,0.4,6022000,0.2,Flongle,25,2,50,16.66666667,15 uL,40 uL,CGATTCAAGGTTACACAAACCCTGGACAAG,GGTCTGGTGCCACTGGTCTGCTACGAGTGATGGTATTGGACTAGGBCTCTTACTGTTGTAACGCACCCGATCACGATAGGCAACCACACC,ATCAGAGGTACTTTCCTGGAGGGTTTCGAC,CGATTCAAGGTTACACAAACCCTGGACAAGGGTCTGGTGCCACTGGTCTGCTACGAGTGATGGTATTGGACTAGGBCTCTTACTGTTGTAACGCACCCGATCACGATAGGCAACCACACCATCAGAGGTACTTTCCTGGAGGGTTTCGAC
241113_B24_Dil_S1,241115_B24_B25_Dil,B24.4b,Triplicate - primers & template added individually,Taq,NEB Thermopol (10x),Magnesium 2 mM,8.8,BS_90mer_GBC,Annealed,None,Equimolar 0.2 mM,NB05,NB18,40,18.93156857,TRUE,92C,58C,10s,0.4,6022000,0.2,Flongle,,,,,15 uL,,CGATTCAAGGTTACACAAACCCTGGACAAG,GGTCTGGTGCCACTGGTCTGCTACGAGTGATGGTATTGGACTAGGBCTCTTACTGTTGTAACGCACCCGATCACGATAGGCAACCACACC,GCCTATCTAGGTTGTTGGGTTTGGTTCGAC,CGATTCAAGGTTACACAAACCCTGGACAAGGGTCTGGTGCCACTGGTCTGCTACGAGTGATGGTATTGGACTAGGBCTCTTACTGTTGTAACGCACCCGATCACGATAGGCAACCACACCGCCTATCTAGGTTGTTGGGTTTGGTTCGAC
241113_B24_Dil_S1,241115_B24_B25_Dil,B24.4c,Triplicate - primers & template added individually,Taq,NEB Thermopol (10x),Magnesium 2 mM,8.8,BS_90mer_GBC,Annealed,None,Equimolar 0.2 mM,NB05,NB19,40,18.93156857,TRUE,92C,58C,10s,0.4,6022000,0.2,Flongle,,,,,15 uL,,CGATTCAAGGTTACACAAACCCTGGACAAG,GGTCTGGTGCCACTGGTCTGCTACGAGTGATGGTATTGGACTAGGBCTCTTACTGTTGTAACGCACCCGATCACGATAGGCAACCACACC,ATCTCTTGACACTGCACGAGGAACTTCGAC,CGATTCAAGGTTACACAAACCCTGGACAAGGGTCTGGTGCCACTGGTCTGCTACGAGTGATGGTATTGGACTAGGBCTCTTACTGTTGTAACGCACCCGATCACGATAGGCAACCACACCATCTCTTGACACTGCACGAGGAACTTCGAC
241113_B25_Dil_S2,241115_B24_B25_Dil,B25.1a,Triplicate - primers & template added individually,Taq,NEB Thermopol (10x),Magnesium 2 mM,8.8,BS_90mer_GBC,Annealed,None,Equimolar 0.2 mM,NB06,NB21,40,18.965784285,TRUE,92C,58C,10s,1000X Dil Prev Rxn,#VALUE!,0.2,Flongle,24,2,48,16,15 uL,40 uL,CGATTCGACTACTTTCTGCCTTTGCGAGAA,GGTCTGGTGCCACTGGTCTGCTACGAGTGATGGTATTGGACTAGGBCTCTTACTGTTGTAACGCACCCGATCACGATAGGCAACCACACC,TAGAGAACGGACAATGAGAGGCTCTTCGAC,CGATTCGACTACTTTCTGCCTTTGCGAGAAGGTCTGGTGCCACTGGTCTGCTACGAGTGATGGTATTGGACTAGGBCTCTTACTGTTGTAACGCACCCGATCACGATAGGCAACCACACCTAGAGAACGGACAATGAGAGGCTCTTCGAC
241113_B25_Dil_S2,241115_B24_B25_Dil,B25.1b,Triplicate - primers & template added individually,Taq,NEB Thermopol (10x),Magnesium 2 mM,8.8,BS_90mer_GBC,Annealed,None,Equimolar 0.2 mM,NB06,NB22,40,18.965784285,TRUE,92C,58C,10s,1000X Dil Prev Rxn,#VALUE!,0.2,Flongle,,,,,15 uL,,CGATTCGACTACTTTCTGCCTTTGCGAGAA,GGTCTGGTGCCACTGGTCTGCTACGAGTGATGGTATTGGACTAGGBCTCTTACTGTTGTAACGCACCCGATCACGATAGGCAACCACACC,CGTACTTTGATACATGGCAGTGGTTTCGAC,CGATTCGACTACTTTCTGCCTTTGCGAGAAGGTCTGGTGCCACTGGTCTGCTACGAGTGATGGTATTGGACTAGGBCTCTTACTGTTGTAACGCACCCGATCACGATAGGCAACCACACCCGTACTTTGATACATGGCAGTGGTTTCGAC
241113_B25_Dil_S2,241115_B24_B25_Dil,B25.1c,Triplicate - primers & template added individually,Taq,NEB Thermopol (10x),Magnesium 2 mM,8.8,BS_90mer_GBC,Annealed,None,Equimolar 0.2 mM,NB06,NB23,40,18.965784285,TRUE,92C,58C,10s,1000X Dil Prev Rxn,#VALUE!,0.2,Flongle,,,,,15 uL,,CGATTCGACTACTTTCTGCCTTTGCGAGAA,GGTCTGGTGCCACTGGTCTGCTACGAGTGATGGTATTGGACTAGGBCTCTTACTGTTGTAACGCACCCGATCACGATAGGCAACCACACC,CGAGGAGGTTCACTGGGTAGTAAGTTCGAC,CGATTCGACTACTTTCTGCCTTTGCGAGAAGGTCTGGTGCCACTGGTCTGCTACGAGTGATGGTATTGGACTAGGBCTCTTACTGTTGTAACGCACCCGATCACGATAGGCAACCACACCCGAGGAGGTTCACTGGGTAGTAAGTTCGAC
241113_B25_Dil_S2,241115_B24_B25_Dil,B25.2a,Triplicate - primers & template added individually,Taq,NEB Thermopol (10x),Magnesium 2 mM,8.8,BS_90mer_GBC,Annealed,None,Equimolar 0.2 mM,NB12,NB21,40,22.28771238,TRUE,92C,58C,10s,1000X Dil Prev Rxn,#VALUE!,0.2,Flongle,23,2,46,15.33333333,15 uL,40 uL,CGGTTCTCCGATTCTGCTTCTTTCTACCTG,GGTCTGGTGCCACTGGTCTGCTACGAGTGATGGTATTGGACTAGGBCTCTTACTGTTGTAACGCACCCGATCACGATAGGCAACCACACC,TAGAGAACGGACAATGAGAGGCTCTTCGAC,CGGTTCTCCGATTCTGCTTCTTTCTACCTGGGTCTGGTGCCACTGGTCTGCTACGAGTGATGGTATTGGACTAGGBCTCTTACTGTTGTAACGCACCCGATCACGATAGGCAACCACACCTAGAGAACGGACAATGAGAGGCTCTTCGAC
241113_B25_Dil_S2,241115_B24_B25_Dil,B25.2b,Triplicate - primers & template added individually,Taq,NEB Thermopol (10x),Magnesium 2 mM,8.8,BS_90mer_GBC,Annealed,None,Equimolar 0.2 mM,NB12,NB22,40,22.28771238,TRUE,92C,58C,10s,1000X Dil Prev Rxn,#VALUE!,0.2,Flongle,,,,,15 uL,,CGGTTCTCCGATTCTGCTTCTTTCTACCTG,GGTCTGGTGCCACTGGTCTGCTACGAGTGATGGTATTGGACTAGGBCTCTTACTGTTGTAACGCACCCGATCACGATAGGCAACCACACC,CGTACTTTGATACATGGCAGTGGTTTCGAC,CGGTTCTCCGATTCTGCTTCTTTCTACCTGGGTCTGGTGCCACTGGTCTGCTACGAGTGATGGTATTGGACTAGGBCTCTTACTGTTGTAACGCACCCGATCACGATAGGCAACCACACCCGTACTTTGATACATGGCAGTGGTTTCGAC
241113_B25_Dil_S2,241115_B24_B25_Dil,B25.2c,Triplicate - primers & template added individually,Taq,NEB Thermopol (10x),Magnesium 2 mM,8.8,BS_90mer_GBC,Annealed,None,Equimolar 0.2 mM,NB12,NB23,40,22.28771238,TRUE,92C,58C,10s,1000X Dil Prev Rxn,#VALUE!,0.2,Flongle,,,,,15 uL,,CGGTTCTCCGATTCTGCTTCTTTCTACCTG,GGTCTGGTGCCACTGGTCTGCTACGAGTGATGGTATTGGACTAGGBCTCTTACTGTTGTAACGCACCCGATCACGATAGGCAACCACACC,CGAGGAGGTTCACTGGGTAGTAAGTTCGAC,CGGTTCTCCGATTCTGCTTCTTTCTACCTGGGTCTGGTGCCACTGGTCTGCTACGAGTGATGGTATTGGACTAGGBCTCTTACTGTTGTAACGCACCCGATCACGATAGGCAACCACACCCGAGGAGGTTCACTGGGTAGTAAGTTCGAC
241113_B25_Dil_S2,241115_B24_B25_Dil,B25.3a,Triplicate - primers & template added individually,Taq,NEB Thermopol (10x),Magnesium 2 mM,8.8,BS_90mer_GBC,Annealed,None,Equimolar 0.2 mM,NB13,NB21,40,25.60964047,TRUE,92C,58C,10s,1000X Dil Prev Rxn,#VALUE!,0.2,Flongle,27,2,54,18,15 uL,40 uL,CGGTTCAGAACGACTTCCATACTCGTGTGA,GGTCTGGTGCCACTGGTCTGCTACGAGTGATGGTATTGGACTAGGBCTCTTACTGTTGTAACGCACCCGATCACGATAGGCAACCACACC,TAGAGAACGGACAATGAGAGGCTCTTCGAC,CGGTTCAGAACGACTTCCATACTCGTGTGAGGTCTGGTGCCACTGGTCTGCTACGAGTGATGGTATTGGACTAGGBCTCTTACTGTTGTAACGCACCCGATCACGATAGGCAACCACACCTAGAGAACGGACAATGAGAGGCTCTTCGAC
241113_B25_Dil_S2,241115_B24_B25_Dil,B25.3b,Triplicate - primers & template added individually,Taq,NEB Thermopol (10x),Magnesium 2 mM,8.8,BS_90mer_GBC,Annealed,None,Equimolar 0.2 mM,NB13,NB22,40,25.60964047,TRUE,92C,58C,10s,1000X Dil Prev Rxn,#VALUE!,0.2,Flongle,,,,,15 uL,,CGGTTCAGAACGACTTCCATACTCGTGTGA,GGTCTGGTGCCACTGGTCTGCTACGAGTGATGGTATTGGACTAGGBCTCTTACTGTTGTAACGCACCCGATCACGATAGGCAACCACACC,CGTACTTTGATACATGGCAGTGGTTTCGAC,CGGTTCAGAACGACTTCCATACTCGTGTGAGGTCTGGTGCCACTGGTCTGCTACGAGTGATGGTATTGGACTAGGBCTCTTACTGTTGTAACGCACCCGATCACGATAGGCAACCACACCCGTACTTTGATACATGGCAGTGGTTTCGAC
241113_B25_Dil_S2,241115_B24_B25_Dil,B25.3c,Triplicate - primers & template added individually,Taq,NEB Thermopol (10x),Magnesium 2 mM,8.8,BS_90mer_GBC,Annealed,None,Equimolar 0.2 mM,NB13,NB23,40,25.60964047,TRUE,92C,58C,10s,1000X Dil Prev Rxn,#VALUE!,0.2,Flongle,,,,,15 uL,,CGGTTCAGAACGACTTCCATACTCGTGTGA,GGTCTGGTGCCACTGGTCTGCTACGAGTGATGGTATTGGACTAGGBCTCTTACTGTTGTAACGCACCCGATCACGATAGGCAACCACACC,CGAGGAGGTTCACTGGGTAGTAAGTTCGAC,CGGTTCAGAACGACTTCCATACTCGTGTGAGGTCTGGTGCCACTGGTCTGCTACGAGTGATGGTATTGGACTAGGBCTCTTACTGTTGTAACGCACCCGATCACGATAGGCAACCACACCCGAGGAGGTTCACTGGGTAGTAAGTTCGAC
241113_B25_Dil_S2,241115_B24_B25_Dil,B25.4a,Triplicate - primers & template added individually,Taq,NEB Thermopol (10x),Magnesium 2 mM,8.8,BS_90mer_GBC,Annealed,None,Equimolar 0.2 mM,NB14,NB21,40,28.93156857,TRUE,92C,58C,10s,1000X Dil Prev Rxn,#VALUE!,0.2,Flongle,26,2,52,17.33333333,15 uL,40 uL,CGGTTCAACGAGTCTCTTGGGACCCATAGA,GGTCTGGTGCCACTGGTCTGCTACGAGTGATGGTATTGGACTAGGBCTCTTACTGTTGTAACGCACCCGATCACGATAGGCAACCACACC,TAGAGAACGGACAATGAGAGGCTCTTCGAC,CGGTTCAACGAGTCTCTTGGGACCCATAGAGGTCTGGTGCCACTGGTCTGCTACGAGTGATGGTATTGGACTAGGBCTCTTACTGTTGTAACGCACCCGATCACGATAGGCAACCACACCTAGAGAACGGACAATGAGAGGCTCTTCGAC
241113_B25_Dil_S2,241115_B24_B25_Dil,B25.4b,Triplicate - primers & template added individually,Taq,NEB Thermopol (10x),Magnesium 2 mM,8.8,BS_90mer_GBC,Annealed,None,Equimolar 0.2 mM,NB14,NB22,40,28.93156857,TRUE,92C,58C,10s,1000X Dil Prev Rxn,#VALUE!,0.2,Flongle,,,,,15 uL,,CGGTTCAACGAGTCTCTTGGGACCCATAGA,GGTCTGGTGCCACTGGTCTGCTACGAGTGATGGTATTGGACTAGGBCTCTTACTGTTGTAACGCACCCGATCACGATAGGCAACCACACC,CGTACTTTGATACATGGCAGTGGTTTCGAC,CGGTTCAACGAGTCTCTTGGGACCCATAGAGGTCTGGTGCCACTGGTCTGCTACGAGTGATGGTATTGGACTAGGBCTCTTACTGTTGTAACGCACCCGATCACGATAGGCAACCACACCCGTACTTTGATACATGGCAGTGGTTTCGAC
241113_B25_Dil_S2,241115_B24_B25_Dil,B25.4c,Triplicate - primers & template added individually,Taq,NEB Thermopol (10x),Magnesium 2 mM,8.8,BS_90mer_GBC,Annealed,None,Equimolar 0.2 mM,NB14,NB23,40,28.93156857,TRUE,92C,58C,10s,1000X Dil Prev Rxn,#VALUE!,0.2,Flongle,,,,,15 uL,,CGGTTCAACGAGTCTCTTGGGACCCATAGA,GGTCTGGTGCCACTGGTCTGCTACGAGTGATGGTATTGGACTAGGBCTCTTACTGTTGTAACGCACCCGATCACGATAGGCAACCACACC,CGAGGAGGTTCACTGGGTAGTAAGTTCGAC,CGGTTCAACGAGTCTCTTGGGACCCATAGAGGTCTGGTGCCACTGGTCTGCTACGAGTGATGGTATTGGACTAGGBCTCTTACTGTTGTAACGCACCCGATCACGATAGGCAACCACACCCGAGGAGGTTCACTGGGTAGTAAGTTCGAC
241113_B25_Dil_S2,241115_B24_B25_Dil,B25.C.AT,Control,Phusion,Phusion HF Buffer,N/A,N/A,BS_90mer_GBC,N/A,None,dNTP 0.2 mM,NB12,NB20,N/A,,,,58C,10s,1000X Dil Prev Rxn,#VALUE!,0.2,Flongle,41,0.5,20.5,20.5,,,CGGTTCTCCGATTCTGCTTCTTTCTACCTG,GGTCTGGTGCCACTGGTCTGCTACGAGTGATGGTATTGGACTAGGBCTCTTACTGTTGTAACGCACCCGATCACGATAGGCAACCACACC,ATGAGTTCTCGTAACAGGACGCAATTCGAC,CGGTTCTCCGATTCTGCTTCTTTCTACCTGGGTCTGGTGCCACTGGTCTGCTACGAGTGATGGTATTGGACTAGGBCTCTTACTGTTGTAACGCACCCGATCACGATAGGCAACCACACCATGAGTTCTCGTAACAGGACGCAATTCGAC
241113_B25_Dil_S2,241115_B24_B25_Dil,B25.C.GC,Control,Phusion,Phusion HF Buffer,N/A,N/A,BS_90mer_GBC,N/A,None,dNTP 0.2 mM,NB13,NB24,N/A,,,,,,,0,,,39,0.5,19.5,19.5,,,CGGTTCAGAACGACTTCCATACTCGTGTGA,GGTCTGGTGCCACTGGTCTGCTACGAGTGATGGTATTGGACTAGGBCTCTTACTGTTGTAACGCACCCGATCACGATAGGCAACCACACC,CTAACCCATCATGCAGAACTATGCTTCGAC,CGGTTCAGAACGACTTCCATACTCGTGTGAGGTCTGGTGCCACTGGTCTGCTACGAGTGATGGTATTGGACTAGGBCTCTTACTGTTGTAACGCACCCGATCACGATAGGCAACCACACCCTAACCCATCATGCAGAACTATGCTTCGAC
241113_B25_Dil_S2,241115_B24_B25_Dil,B25.C.BS,Control, -, -,N/A,N/A,BS_90mer_GBC,N/A,N/A,N/A,NB25_F,NB25_R,N/A,,,,,,,0,,,10,2,20,20,,,ACTGTAAGTTGGGTATGCAACGCAATGAGAACCT,GGTCTGGTGCCACTGGTCTGCTACGAGTGATGGTATTGGACTAGGBCTCTTACTGTTGTAACGCACCCGATCACGATAGGCAACCACACC,AGGTTCTCATTGCGTTGCATACCCAACTTACAGT,ACTGTAAGTTGGGTATGCAACGCAATGAGAACCTGGTCTGGTGCCACTGGTCTGCTACGAGTGATGGTATTGGACTAGGBCTCTTACTGTTGTAACGCACCCGATCACGATAGGCAACCACACCAGGTTCTCATTGCGTTGCATACCCAACTTACAGT
